ID,ip_address,data_accessed_time
4,224.203.201.94,2015-04-08 03:13:00
5,250.222.29.141,2015-06-27 23:59:00
6,235.199.255.186,2016-06-30 04:33:00
10,239.36.70.51,2015-06-21 18:24:00
21,239.199.20.53,2015-10-29 23:56:00
33,227.27.67.91,2016-01-10 13:41:00
34,248.185.61.62,2015-10-13 17:20:00
47,255.109.226.191,2015-06-17 12:52:00
67,249.96.66.193,2015-09-30 17:51:00
74,154.151.211.32,2016-06-10 00:27:00
89,248.80.171.17,2015-07-31 07:24:00
112,229.0.216.245,2015-08-10 14:25:00
118,127.122.70.65,2016-12-07 00:45:00
126,246.63.144.195,2016-02-21 06:55:00
127,185.206.225.146,2015-08-07 21:16:00
132,242.201.105.136,2016-02-28 19:57:00
141,0.253.236.12,2016-03-08 23:44:00
182,239.86.210.45,2016-03-09 12:39:00
186,10.223.29.113,2016-09-01 18:27:00
189,229.34.180.200,2016-02-18 12:46:00
237,244.60.231.26,2017-02-22 11:04:00
241,103.98.85.139,2015-09-21 15:56:00
264,248.126.22.13,2015-08-23 16:48:00
271,239.135.245.160,2015-05-24 11:36:00
280,245.148.98.189,2016-04-03 09:59:00
285,0.246.110.238,2016-12-15 10:44:00
290,225.168.21.83,2017-01-19 15:59:00
292,252.84.16.178,2015-11-29 06:05:00
305,227.191.191.85,2015-08-20 06:20:00
307,246.134.149.97,2015-04-27 00:04:00
311,45.90.128.132,2016-03-24 18:15:00
312,225.44.223.32,2015-07-22 18:50:00
321,245.171.155.121,2015-08-18 14:22:00
324,224.131.109.230,2015-10-22 23:50:00
339,224.126.249.216,2015-10-14 03:41:00
344,246.216.240.154,2016-09-14 16:31:00
348,224.30.4.172,2015-10-14 11:45:00
354,255.151.241.45,2016-06-21 21:53:00
357,254.239.49.170,2015-06-03 01:04:00
360,230.13.153.201,2015-12-29 02:27:00
361,229.180.234.79,2016-05-29 18:03:00
373,224.107.108.112,2015-03-09 20:14:00
374,45.68.100.43,2015-03-03 08:57:00
375,239.253.229.243,2016-03-13 07:44:00
381,5.180.3.237,2016-01-02 17:18:00
382,248.32.136.244,2016-05-22 15:48:00
390,100.79.163.176,2016-06-25 18:51:00
396,237.15.30.65,2016-04-21 21:02:00
399,252.210.62.66,2017-01-07 15:14:00
406,247.124.193.162,2016-05-16 02:14:00
426,199.102.241.228,2015-08-14 07:58:00
428,239.84.194.215,2015-09-02 22:43:00
429,0.148.53.162,2016-11-25 20:00:00
431,241.97.84.181,2016-05-16 19:55:00
436,244.141.195.192,2016-11-05 02:08:00
441,245.65.222.114,2015-08-08 01:18:00
448,189.45.182.93,2017-02-26 19:37:00
451,236.104.5.212,2016-02-22 13:35:00
464,224.78.78.40,2016-08-05 10:38:00
466,227.40.64.147,2016-04-28 08:57:00
471,230.98.55.37,2015-10-05 16:58:00
482,244.26.0.103,2016-11-27 15:26:00
490,220.158.209.58,2016-01-04 03:08:00
503,238.189.254.102,2015-05-11 11:40:00
519,241.251.169.105,2016-12-04 04:33:00
520,237.252.172.159,2015-05-06 04:00:00
521,235.138.189.23,2015-05-12 08:37:00
522,236.63.41.55,2016-03-06 16:02:00
526,252.226.242.243,2015-12-28 09:03:00
536,103.109.112.20,2016-09-30 02:06:00
546,248.109.157.80,2015-07-03 00:16:00
550,45.234.230.54,2015-04-26 04:28:00
564,253.201.61.51,2016-03-21 20:29:00
566,239.217.111.186,2017-02-11 14:40:00
570,23.157.87.192,2015-07-27 17:20:00
575,228.34.98.129,2015-11-24 22:50:00
585,247.114.14.194,2015-06-29 09:02:00
602,226.87.115.230,2015-03-20 13:00:00
603,247.125.181.180,2016-12-24 16:44:00
606,102.72.181.58,2016-05-05 14:02:00
610,102.250.111.131,2015-08-30 10:39:00
620,102.101.241.53,2015-03-19 13:15:00
631,248.171.95.215,2016-11-19 00:53:00
634,100.113.215.246,2016-05-06 01:52:00
635,235.119.157.90,2016-08-10 10:31:00
637,163.216.232.30,2015-06-09 10:27:00
663,224.57.63.137,2016-04-03 00:19:00
664,248.131.20.193,2016-11-18 21:51:00
667,235.64.12.144,2015-04-17 20:42:00
670,225.8.239.27,2016-06-24 07:09:00
672,237.25.253.87,2015-04-01 04:17:00
676,10.218.95.61,2015-05-04 14:47:00
685,254.111.118.4,2016-08-29 17:44:00
688,236.73.6.60,2016-01-14 19:46:00
700,234.231.198.103,2015-03-20 05:16:00
704,229.170.127.137,2015-10-14 13:16:00
726,245.83.129.53,2016-08-01 17:09:00
742,245.34.145.95,2016-12-07 03:24:00
754,103.138.84.189,2015-06-12 04:11:00
758,234.136.249.27,2015-08-26 21:16:00
769,253.24.105.125,2016-11-27 14:46:00
773,239.204.117.109,2016-10-24 10:31:00
782,237.136.240.230,2016-01-09 10:07:00
801,229.3.77.12,2016-06-23 13:35:00
803,178.238.1.35,2015-05-10 02:10:00
806,233.148.243.124,2017-02-09 19:54:00
809,102.200.168.250,2016-02-21 03:27:00
810,250.178.6.235,2015-12-22 14:53:00
813,240.78.80.11,2015-04-11 06:19:00
814,232.163.17.106,2015-07-13 04:04:00
822,229.201.133.117,2015-04-04 18:00:00
824,255.146.148.253,2016-11-24 04:35:00
828,233.8.171.228,2015-04-30 18:54:00
829,251.229.12.18,2015-11-29 15:33:00
830,245.93.104.216,2015-11-20 14:22:00
867,239.56.231.239,2015-10-26 02:59:00
878,244.198.116.188,2016-07-23 15:41:00
892,253.126.166.241,2016-11-21 14:27:00
896,235.88.159.241,2015-03-23 01:22:00
904,127.96.182.93,2017-02-03 17:26:00
928,23.175.34.162,2016-01-27 16:01:00
931,249.33.121.115,2015-05-21 21:02:00
941,233.8.2.21,2016-09-14 00:09:00
945,245.198.94.23,2017-02-06 05:47:00
948,233.250.88.160,2015-07-24 04:38:00
953,253.244.115.9,2016-09-30 08:40:00
965,233.107.37.163,2016-01-26 20:54:00
967,167.88.60.38,2015-03-13 22:21:00
972,103.31.40.232,2016-08-19 19:55:00
975,243.60.49.174,2015-04-30 15:50:00
979,245.46.140.21,2016-06-11 07:20:00
995,240.23.218.118,2016-07-15 08:08:00
998,243.79.156.99,2016-05-03 17:49:00
